"","node","trait"
"Abeomelomys_sevia",423,1.25222596997502
"Abrocoma_bennettii",268,0.813221581010629
"Abrothrix_olivaceus",380,0.910478029390309
"Acomys_cahirinus",404,0.964491053727018
"Acomys_dimidiatus",405,1.03622341809414
"Acomys_spinosissimus",407,1.19553928346357
"Acomys_wilsoni",406,1.19859348736846
"Aconaemys_porteri",266,0.70398799035013
"Aconaemys_sagei",267,0.766648974652777
"Aeromys_tephromelas",133,0.947667161136385
"Aeromys_thomasi",132,0.859834242406584
"Aethomys_chrysophilus",451,0.848984571081513
"Aethomys_hindei",453,0.622268498727093
"Aethomys_namaquensis",452,0.846028891895538
"Akodon_azarae",370,1.05852894451076
"Allactaga_elater",278,1.36476882842449
"Allactaga_sibirica",279,1.2460135895126
"Ammospermophilus_harrisii",108,1.33120109295988
"Ammospermophilus_interpres",111,1.52111221307951
"Ammospermophilus_leucurus",109,1.25686052903526
"Ammospermophilus_nelsoni",110,1.17219211792676
"Anomalurus_beecrofti",271,1.19014953397708
"Anomalurus_derbianus",270,0.873631379018583
"Anomalurus_pelii",272,0.590483413226177
"Aplodontia_rufa",5,0.899739406122789
"Apodemus_agrarius",430,0.695076547273242
"Apodemus_flavicollis",428,1.06533668775072
"Apodemus_sylvaticus",429,1.15280646682738
"Arborimus_albipes",293,1.26671191985128
"Arborimus_longicaudus",292,0.921809815358285
"Arvicanthis_niloticus",454,0.879694396491437
"Arvicola_amphibius",317,0.703878509521478
"Atherurus_africanus",145,0.959129296064556
"Atherurus_macrourus",139,0.702165971845744
"Atlantoxerus_getulus",22,1.1517643902008
"Bathyergus_janetta",158,0.573309107794853
"Bathyergus_suillus",157,0.375923351176133
"Beamys_hindei",501,0.701729690623002
"Berylmys_bowersi",481,0.899796862957148
"Brachyuromys_betsileoensis",509,0.914072056005569
"Brachyuromys_ramirohitra",508,0.854879419272849
"Callistomys_pictus",220,0.563115829042022
"Callosciurus_caniceps",14,1.81995553016376
"Callosciurus_nigrovittatus",15,1.52753848024067
"Callosciurus_notatus",17,1.64367590198044
"Callosciurus_prevostii",16,1.2532044313685
"Callospermophilus_lateralis",105,1.17954099408905
"Callospermophilus_madrensis",104,1.15899903839689
"Callospermophilus_saturatus",103,1.01329776412904
"Calomys_callosus",377,0.536729406295053
"Capromys_pilorides",223,0.450826102067423
"Carterodon_sulcidens",222,0.641152882769437
"Castor_canadensis",550,0.573977447203485
"Castor_fiber",549,0.558306721691226
"Cavia_aperea",179,0.915545576363301
"Cavia_fulgida",180,0.890202563351038
"Cavia_porcellus",177,0.891870350981374
"Cavia_tschudii",178,0.994870561762761
"Chaetodipus_baileyi",547,1.0129908646056
"Chaetodipus_californicus",544,1.01922801910976
"Chaetodipus_fallax",543,1.04087138776294
"Chaetodipus_formosus",548,1.02934240686872
"Chaetodipus_hispidus",542,0.833875466912119
"Chaetodipus_penicillatus",546,1.04770863679498
"Chaetodipus_spinatus",545,0.968476145911603
"Chaetomys_subspinosus",186,0.816889592340059
"Chinchilla_chinchilla",192,1.38865427360747
"Chinchilla_lanigera",191,1.47987292333362
"Chiropodomys_gliroides",427,1.14387973337342
"Clyomys_laticeps",200,0.98777305500365
"Coendou_prehensilis",184,0.987359155454031
"Coendou_quichua",185,1.28515727465862
"Coendou_spinosus",182,1.34176933209239
"Coendou_vestitus",183,1.52764080609217
"Colomys_goslingi",444,1.20028558172469
"Conilurus_penicillatus",419,0.821462304687108
"Cratogeomys_fumosus",533,0.609161103953385
"Cremnomys_cutchicus",473,1.05881227759221
"Cricetomys_emini",500,0.515796705292589
"Cricetomys_gambianus",499,0.50696356754059
"Cricetulus_barabensis",328,0.903197479762583
"Cricetus_cricetus",326,0.566862933839736
"Cryptomys_hottentotus",155,0.687285319540247
"Ctenomys_argentinus",236,0.826959123178122
"Ctenomys_australis",249,0.505815909872877
"Ctenomys_azarae",246,0.847003353747533
"Ctenomys_boliviensis",259,0.460682988768846
"Ctenomys_bonettoi",247,0.720822549968132
"Ctenomys_dorbignyi",256,0.753089107190242
"Ctenomys_emilianus",252,0.828690918843307
"Ctenomys_flamarioni",248,0.626538639457875
"Ctenomys_fulvus",232,0.728830662226507
"Ctenomys_haigi",238,0.9282664734969
"Ctenomys_lami",254,0.782863622830415
"Ctenomys_latro",235,0.777889065030039
"Ctenomys_leucodon",244,0.913255173756382
"Ctenomys_magellanicus",241,0.863861698823358
"Ctenomys_maulinus",240,0.640218888052031
"Ctenomys_mendocinus",251,0.731229202295697
"Ctenomys_minutus",253,0.701258440310925
"Ctenomys_occultus",237,0.957165638368104
"Ctenomys_opimus",233,0.975040323577448
"Ctenomys_perrensi",257,0.960635635065653
"Ctenomys_porteousi",250,0.65359990724193
"Ctenomys_pundti",243,0.765060209723207
"Ctenomys_rionegrensis",245,0.635758484998041
"Ctenomys_roigi",258,0.919121170372833
"Ctenomys_sociabilis",239,0.858879117009509
"Ctenomys_talarum",242,0.634421408507363
"Ctenomys_torquatus",255,0.813468929086041
"Ctenomys_tuconax",231,0.615162579269701
"Ctenomys_tucumanus",234,0.610682752646313
"Cuniculus_paca",159,1.02375536183324
"Cynomys_gunnisoni",85,0.74264693640861
"Cynomys_leucurus",84,0.588818400561364
"Cynomys_ludovicianus",82,0.657531288763965
"Cynomys_mexicanus",81,0.573597292538069
"Cynomys_parvidens",83,0.874863006284124
"Dactylomys_dactylinus",202,0.789274270701973
"Dasymys_incomtus",460,0.900709089238162
"Dasyprocta_azarae",167,0.857351409440515
"Dasyprocta_fuliginosa",166,0.910290038659541
"Dasyprocta_leporina",165,0.987096143646851
"Dasyprocta_mexicana",163,1.20424033820624
"Dasyprocta_prymnolopha",162,0.827277554922969
"Dasyprocta_punctata",164,0.871704862398674
"Dendromus_mesomelas",504,1.29896325419513
"Dendromus_mystacalis",503,1.52299254145202
"Deomys_ferrugineus",401,1.1233167012094
"Desmodillus_auricularis",398,0.957695179041307
"Dicrostonyx_groenlandicus",288,0.706785255502141
"Dicrostonyx_richardsoni",289,0.853917322179422
"Dicrostonyx_torquatus",290,0.620025936963401
"Dinomys_branickii",187,0.821396171627145
"Dipodomys_agilis",518,1.12616295286344
"Dipodomys_deserti",523,0.871370539315031
"Dipodomys_heermanni",521,1.15095716435994
"Dipodomys_merriami",516,1.28941653496162
"Dipodomys_microps",519,1.00812135436671
"Dipodomys_ordii",517,1.28680765976835
"Dipodomys_panamintinus",520,1.16901183835072
"Dipodomys_spectabilis",522,0.853427146913606
"Dipus_sagitta",275,0.881213360024553
"Dolichotis_patagonum",172,0.719800944279581
"Dolichotis_salinicola",171,1.1155984958682
"Dremomys_rufigenis",13,1.79788557049948
"Echimys_chrysurus",208,0.717200752708829
"Eliomys_melanurus",2,1.10427192977764
"Eliurus_minor",512,1.75848178729848
"Eliurus_myoxinus",513,1.4634248056274
"Eospalax_fontanierii",286,0.659936155481572
"Epixerus_ebii",34,1.55043493720821
"Erethizon_dorsatum",181,0.90676090298722
"Euryzygomatomys_spinosus",201,0.980926924265715
"Felovia_vae",135,0.845473476989959
"Fukomys_anselli",152,0.801965852304233
"Fukomys_damarensis",153,0.87174319508689
"Fukomys_darlingi",151,0.64486193792982
"Fukomys_mechowi",154,0.615919712143433
"Funambulus_pennantii",9,1.37197797090997
"Funisciurus_anerythrus",35,1.33273220889866
"Funisciurus_carruthersi",28,1.45053561450198
"Funisciurus_isabella",29,1.79098579930604
"Funisciurus_lemniscatus",33,1.43948145206275
"Funisciurus_pyrropus",31,1.41912809967772
"Funisciurus_substriatus",39,1.42318886709671
"Galea_musteloides",173,0.727327168498165
"Galea_spixii",174,0.735792309269966
"Geocapromys_brownii",228,0.431168591324081
"Geocapromys_ingrahami",229,0.595785252844564
"Geocapromys_thoracatus",227,0.532806996032565
"Geomys_bursarius",528,0.556664484441411
"Geomys_pinetis",527,0.621038149287207
"Georychus_capensis",156,0.692099943156644
"Gerbilliscus_afra",397,1.25621014737532
"Gerbilliscus_brantsii",396,0.912325311919833
"Gerbilliscus_leucogaster",395,0.842170394915162
"Gerbillurus_paeba",394,1.42805051807413
"Gerbillus_campestris",392,1.38154713130703
"Gerbillus_dasyurus",393,1.39678698809873
"Gerbillus_gleadowi",390,1.1015175642211
"Gerbillus_nanus",389,1.52819206375897
"Gerbillus_pyramidum",391,1.00302765532168
"Glaucomys_sabrinus",122,1.15818323927669
"Glaucomys_volans",121,1.45616278369947
"Glis_glis",4,0.825429584940396
"Golunda_ellioti",464,0.607643643045079
"Grammomys_cometes",448,1.0982422378925
"Grammomys_dolichurus",449,1.25197408195512
"Graphiurus_murinus",1,0.891978467331832
"Habromys_lepturus",358,1.03683543934556
"Heliophobius_argenteocinereus",150,0.601797192818811
"Heliosciurus_gambianus",27,1.13696851178397
"Heliosciurus_punctatus",26,1.54096952022449
"Heliosciurus_rufobrachium",25,1.32222308561281
"Heliosciurus_ruwenzorii",24,1.44800937814704
"Heterocephalus_glaber",149,0.50972587689599
"Heteromys_anomalus",537,0.776961247604734
"Heteromys_desmarestianus",538,0.82021706506149
"Holochilus_chacarius",372,0.549826878654939
"Holochilus_sciureus",371,0.628549956828952
"Hoplomys_gymnurus",213,0.851662026372438
"Hybomys_trivirgatus",462,0.97110126081265
"Hybomys_univittatus",463,0.970520132656818
"Hydrochoerus_hydrochaeris",170,0.573081387305433
"Hydrochoerus_isthmius",169,0.448610609395571
"Hydromys_chrysogaster",421,0.758605652396228
"Hylopetes_spadiceus",126,1.23980823855793
"Hypogeomys_antimena",510,0.916656586964902
"Hystrix_africaeaustralis",143,0.58004036793386
"Hystrix_brachyura",140,0.820266246329013
"Hystrix_cristata",144,0.487112877420799
"Hystrix_indica",141,0.648120772456574
"Hystrix_sumatrae",142,1.15535700956648
"Ictidomys_mexicanus",75,0.956718119190558
"Ictidomys_tridecemlineatus",74,0.977270329444847
"Idiurus_macrotis",274,1.25729338392323
"Idiurus_zenkeri",273,1.49300722438166
"Iomys_horsfieldii",127,1.27027727500837
"Isothrix_bistriata",212,0.667820620196434
"Isthmomys_pirrensis",341,0.782905802653125
"Jaculus_jaculus",277,0.983460260262423
"Jaculus_orientalis",276,1.47959606707316
"Kannabateomys_amblyonyx",203,0.784356810922031
"Kerodon_rupestris",168,0.909385113951704
"Lagidium_peruanum",190,1.02293184939845
"Lagidium_viscacia",189,0.763712738264161
"Lagostomus_maximus",188,0.441751781748319
"Lagurus_lagurus",318,0.815595768089594
"Laonastes_aenigmamus",134,1.46457548992169
"Lariscus_insignis",10,1.75731678193778
"Lasiopodomys_mandarinus",315,0.905170831009491
"Lemmus_lemmus",299,0.662913328723233
"Lemmus_sibiricus",300,1.06403464020299
"Lemmus_trimucronatus",298,0.688506898563806
"Lemniscomys_rosalia",455,0.542073330368491
"Lemniscomys_striatus",456,0.911308582307285
"Leopoldamys_edwardsi",477,0.999962032481679
"Leopoldamys_sabanus",479,0.802200288607722
"Leopoldamys_siporanus",478,0.802200288607722
"Liomys_irroratus",535,0.933354706421743
"Liomys_pictus",536,0.840178599280021
"Liomys_salvini",534,0.818330401435246
"Lonchothrix_emiliae",209,0.701922708467422
"Lophiomys_imhausi",382,0.331855476082097
"Lophuromys_flavopunctatus",403,0.86363583109975
"Lophuromys_sikapusi",402,0.97063098613883
"Macrotarsomys_bastardi",511,1.19558114769133
"Macrotarsomys_ingens",507,1.36894695547311
"Makalata_didelphoides",205,1.22995180540511
"Makalata_macrura",206,0.747694054911577
"Malacomys_edwardsi",433,1.00900027791852
"Malacomys_longipes",432,1.07702975763048
"Malacothrix_typica",502,1.42130694249283
"Marmota_baibacina",99,0.403776987071804
"Marmota_bobak",98,0.394009005962262
"Marmota_broweri",94,0.576497798159129
"Marmota_caligata",92,0.381383263224415
"Marmota_camtschatica",97,0.532982008844733
"Marmota_caudata",88,0.500809923332233
"Marmota_flaviventris",89,0.51361188215495
"Marmota_himalayana",95,0.420311514158333
"Marmota_marmota",93,0.541292433118381
"Marmota_menzbieri",87,0.516490193799262
"Marmota_monax",86,0.678516593773104
"Marmota_olympus",90,0.627937683262309
"Marmota_sibirica",96,0.349884280917113
"Marmota_vancouverensis",91,0.479090011275701
"Massoutiera_mzabi",137,0.860964255562395
"Mastomys_coucha",446,1.07205197772625
"Mastomys_natalensis",445,0.703432944825982
"Maxomys_rajah",475,1.03615532559675
"Maxomys_surifer",476,1.00519491588299
"Maxomys_whiteheadi",474,1.06973005481231
"Megadontomys_thomasi",356,0.885807496061371
"Melomys_cervinipes",416,0.997861994472746
"Melomys_rufescens",415,1.18228432566198
"Meriones_crassus",387,0.682954469738837
"Meriones_hurrianae",383,0.795104655853972
"Meriones_libycus",386,0.929474441687754
"Meriones_shawi",384,0.670329612119976
"Meriones_unguiculatus",385,0.998889022822716
"Mesembriomys_gouldii",420,0.611333426688862
"Mesocapromys_auritus",225,0.580824511272326
"Mesocapromys_melanurus",226,0.572167133213459
"Mesocricetus_auratus",325,0.508436571839164
"Mesocricetus_brandti",324,0.689136457533584
"Mesomys_hispidus",210,1.01145858911717
"Microcavia_australis",176,0.815935514612621
"Microcavia_niata",175,1.10510818542087
"Microdipodops_megacephalus",515,1.4378825503561
"Microdipodops_pallidus",514,1.48950897061145
"Micromys_minutus",498,1.33687602610338
"Microtus_agrestis",305,0.799790611244511
"Microtus_arvalis",303,0.783123430828207
"Microtus_californicus",309,0.773574941713154
"Microtus_fortis",316,0.764182412719718
"Microtus_guentheri",304,0.663565477202574
"Microtus_longicaudus",311,0.738815759458721
"Microtus_mexicanus",301,0.691775923660808
"Microtus_montanus",313,0.747255041151439
"Microtus_ochrogaster",308,0.666611923249984
"Microtus_oregoni",310,0.910303292743026
"Microtus_pennsylvanicus",312,1.00057141425765
"Microtus_pinetorum",306,0.926107141138304
"Microtus_subterraneus",302,0.996590795581927
"Microtus_townsendii",314,0.853852109635826
"Microtus_xanthognathus",307,0.597506029164403
"Millardia_meltada",472,0.959908049134403
"Mus_booduga",435,0.765102759495482
"Mus_minutoides",439,1.0875867381205
"Mus_musculoides",438,1.34643378633421
"Mus_musculus",434,0.908032609325882
"Mus_platythrix",436,0.733762617177616
"Mus_triton",437,1.28720691119843
"Muscardinus_avellanarius",3,1.34627941838181
"Myocastor_coypus",211,0.456860321856173
"Myodes_gapperi",319,1.05101047040708
"Myodes_glareolus",320,1.19182920351853
"Myodes_rufocanus",322,0.730387733580354
"Myodes_rutilus",321,1.20136850544758
"Myodes_smithii",323,1.17262142421251
"Myoprocta_acouchy",161,1.2341070865367
"Myoprocta_pratti",160,1.23647960953935
"Myopus_schisticolor",297,0.741356565529866
"Myosciurus_pumilio",23,1.57618720673628
"Mysateles_prehensilis",224,0.505823276391528
"Mystromys_albicaudatus",506,0.957899675971681
"Napaeozapus_insignis",280,0.83704337815373
"Nectomys_squamipes",373,0.769481780065916
"Neofiber_alleni",295,0.751737418596646
"Neotoma_albigula",332,0.856164871244855
"Neotoma_cinerea",336,0.79754357700175
"Neotoma_floridana",331,0.871285499004445
"Neotoma_fuscipes",338,0.87637727076815
"Neotoma_goldmani",329,1.21321456542375
"Neotoma_lepida",337,0.913933356185144
"Neotoma_mexicana",335,0.86723682964826
"Neotoma_micropus",333,0.815434887109759
"Neotoma_phenax",330,0.836737211980937
"Neotoma_stephensi",334,0.857224959993583
"Nesokia_indica",495,0.7489846287695
"Nilopegamys_plumbeus",422,1.17021207284139
"Niviventer_cremoriventer",480,1.05084508159969
"Notocitellus_adocetus",107,1.25993902032741
"Notocitellus_annulatus",106,1.17704294416528
"Notomys_alexis",412,1.17962143710993
"Notomys_cervinus",413,1.31949852105673
"Notomys_mitchellii",414,0.923404406926368
"Nyctomys_sumichrasti",369,0.923491779789832
"Ochrotomys_nuttalli",339,1.31544105411338
"Octodon_degus",264,0.808045327129153
"Octodon_lunatus",263,1.19523755610378
"Octodontomys_gliroides",262,1.46993034428808
"Octomys_mimax",261,1.31586510595881
"Oenomys_hypoxanthus",447,0.64170841818433
"Oligoryzomys_longicaudatus",375,1.05447500930566
"Oligoryzomys_nigripes",376,0.952033678716089
"Ondatra_zibethicus",294,0.553037790337713
"Onychomys_leucogaster",343,1.2317389620761
"Onychomys_torridus",342,1.14914987227603
"Orthogeomys_cherriei",531,0.708534372634529
"Orthogeomys_heterodus",530,0.631821753368921
"Orthogeomys_hispidus",532,0.653049698000515
"Oryzomys_palustris",374,0.902276628661925
"Otomys_angoniensis",469,0.656784660986539
"Otomys_barbouri",470,0.728195695999322
"Otomys_helleri",471,0.839058951889765
"Otomys_irroratus",468,0.356624088980966
"Otomys_sloggetti",466,1.02978117869119
"Otomys_unisulcatus",467,0.59015771671901
"Otospermophilus_atricapillus",102,1.02742922275308
"Otospermophilus_beecheyi",101,0.759914480792211
"Otospermophilus_variegatus",100,1.06094159891844
"Ototylomys_phyllotis",368,1.09639979386971
"Paramelomys_levipes",418,1.24239908416424
"Paramelomys_rubex",417,1.25071726737199
"Paraxerus_boehmi",38,1.85199397817235
"Paraxerus_cepapi",30,1.10295699438492
"Paraxerus_poensis",32,1.67303340725891
"Parotomys_brantsii",465,0.359514318035059
"Pectinator_spekei",136,0.723978462294544
"Pedetes_capensis",269,0.748675507737486
"Pelomys_campanae",459,0.769567615241786
"Pelomys_fallax",458,0.763068495098269
"Perognathus_flavus",539,1.15817702536257
"Perognathus_longimembris",540,1.2611549524432
"Perognathus_parvus",541,1.06483966229829
"Peromyscus_aztecus",361,1.07169602502305
"Peromyscus_boylii",362,1.09077975928504
"Peromyscus_californicus",365,1.12424471033186
"Peromyscus_crinitus",359,1.38262313268264
"Peromyscus_eremicus",363,1.05532445497476
"Peromyscus_gossypinus",345,1.02298152378859
"Peromyscus_grandis",349,1.08987173390846
"Peromyscus_guatemalensis",350,1.20063428253536
"Peromyscus_leucopus",344,1.11909889092737
"Peromyscus_maniculatus",348,1.04388128136664
"Peromyscus_megalops",354,0.889605065028169
"Peromyscus_melanocarpus",355,0.894184106849846
"Peromyscus_melanophrys",353,0.997335285625269
"Peromyscus_melanotis",346,0.735684957849149
"Peromyscus_merriami",364,1.06296369103156
"Peromyscus_mexicanus",351,1.13825711837106
"Peromyscus_polionotus",347,1.15376028166137
"Peromyscus_truei",360,1.26682779036138
"Peromyscus_yucatanicus",352,1.11110204005442
"Petaurista_elegans",128,0.853552933331392
"Petaurista_petaurista",129,0.781394635615211
"Petinomys_genibarbis",123,1.43278863944483
"Petinomys_setosus",125,1.76961541179791
"Petinomys_vordermanni",124,1.530757217123
"Petromus_typicus",148,0.618609743512912
"Phenacomys_intermedius",291,0.745342408296702
"Phyllomys_dasythrix",207,0.594994735505835
"Phyllotis_darwini",378,0.912110291517801
"Plagiodontia_aedium",230,0.53129708678775
"Podomys_floridanus",357,1.26414733029372
"Pogonomys_macrourus",426,1.04586450749218
"Pogonomys_sylvestris",425,1.2809384078534
"Poliocitellus_franklinii",76,0.755924369913713
"Praomys_daltoni",442,0.871125237202499
"Praomys_jacksoni",443,0.865954172062421
"Praomys_morio",441,0.869585496571591
"Praomys_tullbergi",440,1.05248026868506
"Proechimys_brevicauda",216,0.783991018376512
"Proechimys_cuvieri",215,0.679193796086664
"Proechimys_goeldii",219,0.89474933048195
"Proechimys_guyannensis",214,0.755196008584442
"Proechimys_longicaudatus",217,0.799196726174124
"Proechimys_semispinosus",218,0.625348056841633
"Protoxerus_aubinnii",37,1.41687263777435
"Protoxerus_stangeri",36,1.63257991872326
"Psammomys_obesus",388,0.999902221167934
"Pseudomys_australis",410,1.13724281667312
"Pseudomys_delicatulus",408,1.40786393185613
"Pseudomys_hermannsburgensis",409,1.29115003483731
"Pseudomys_higginsi",411,1.08815618639701
"Pteromys_volans",130,1.67753862682586
"Pteromyscus_pulverulentus",131,0.994377536497362
"Rattus_colletti",496,1.02109312084659
"Rattus_exulans",494,0.758184215838493
"Rattus_fuscipes",484,0.997664825911604
"Rattus_leucopus",489,1.0455282816411
"Rattus_lutreolus",486,1.04856577978463
"Rattus_morotaiensis",491,0.898157212255421
"Rattus_niobe",488,1.28693516609741
"Rattus_nitidus",482,1.13310737647248
"Rattus_norvegicus",483,0.617342344865346
"Rattus_rattus",493,0.760132995050063
"Rattus_sordidus",487,1.03568723041073
"Rattus_tiomanicus",492,1.24094589999469
"Rattus_tunneyi",485,1.07117286220451
"Rattus_verecundus",490,1.2751010342241
"Ratufa_affinis",6,1.0761076568079
"Ratufa_bicolor",7,0.926786260730393
"Ratufa_indica",8,0.876499262941849
"Reithrodontomys_megalotis",340,1.24636393704777
"Rhabdomys_pumilio",457,0.626128786301712
"Rhinosciurus_laticaudatus",11,1.42124029241313
"Saccostomus_campestris",505,0.811841412146382
"Sciurus_aberti",115,1.095228774678
"Sciurus_anomalus",112,1.6014653036153
"Sciurus_aureogaster",114,1.19504986158935
"Sciurus_carolinensis",116,1.25927255456841
"Sciurus_granatensis",113,1.42289600125406
"Sciurus_niger",117,1.3137434360349
"Sciurus_vulgaris",118,1.43447128687118
"Scotinomys_teguina",367,1.26461546858963
"Scotinomys_xerampelinus",366,1.24521220565821
"Sigmodon_hispidus",381,0.538103304387249
"Spalacopus_cyanus",265,0.948628781690498
"Spalax_ehrenbergi",284,0.743603620928831
"Spalax_microphthalmus",285,0.625987970140906
"Spermophilopsis_leptodactylus",18,1.08556864832967
"Spermophilus_alashanicus",58,1.0017239615293
"Spermophilus_citellus",61,0.761046505205301
"Spermophilus_dauricus",59,0.876113451812696
"Spermophilus_erythrogenys",56,0.781989319691112
"Spermophilus_fulvus",54,0.603440897552523
"Spermophilus_major",55,0.682738817887642
"Spermophilus_pygmaeus",52,0.748918492826185
"Spermophilus_relictus",57,0.811634139091513
"Spermophilus_suslicus",53,0.827983795137066
"Spermophilus_xanthoprymnus",60,0.846285236688711
"Stochomys_longicaudatus",461,1.20841958613625
"Sundamys_muelleri",497,0.86994675791756
"Synaptomys_cooperi",296,1.00935051788677
"Tachyoryctes_splendens",287,0.579253507944702
"Tamias_amoenus",50,1.3466034797202
"Tamias_cinereicollis",48,1.51701444282773
"Tamias_dorsalis",47,1.64795412593869
"Tamias_minimus",43,1.68915322805317
"Tamias_palmeri",46,1.68479904743075
"Tamias_panamintinus",51,1.76246838476115
"Tamias_quadrimaculatus",44,1.45722492530082
"Tamias_quadrivittatus",45,1.41320642331139
"Tamias_sibiricus",40,1.41107972066536
"Tamias_speciosus",42,1.59244904148398
"Tamias_striatus",41,1.57216811389607
"Tamias_townsendii",49,1.54706800154964
"Tamiasciurus_douglasii",120,1.37171663349552
"Tamiasciurus_hudsonicus",119,1.48825027514452
"Tamiops_macclellandii",12,2.06894022018008
"Tatera_indica",399,0.834724642418174
"Thallomys_paedulcus",450,0.559851446401084
"Thamnomys_venustus",424,0.887305448429395
"Thomomys_bottae",524,0.594154345078846
"Thomomys_bulbivorus",525,0.507722681680741
"Thomomys_talpoides",526,0.693653010465428
"Thrichomys_apereoides",221,1.02350719484803
"Thrichomys_inermis",198,0.915069639597699
"Thryonomys_gregorianus",147,0.547301996114144
"Thryonomys_swinderianus",146,0.788549664475598
"Toromys_grandis",204,0.67017373102761
"Trichys_fasciculata",138,0.96914727562226
"Trinomys_albispinus",195,0.856144700684211
"Trinomys_dimidiatus",194,0.829250197823531
"Trinomys_eliasi",197,1.03560399877224
"Trinomys_iheringi",193,1.01677477458379
"Trinomys_paratus",196,0.863935653009226
"Trinomys_setosus",199,0.792630047315925
"Tscherskia_triton",327,0.701069524971326
"Tympanoctomys_barrerae",260,1.28533379945186
"Uranomys_ruddi",400,1.01708906113745
"Urocitellus_armatus",73,0.673694466166892
"Urocitellus_beldingi",72,0.876039341271071
"Urocitellus_brunneus",71,1.09477038223758
"Urocitellus_canus",70,0.674686714467552
"Urocitellus_columbianus",66,0.726223333781615
"Urocitellus_elegans",65,0.693540673838161
"Urocitellus_mollis",69,0.864811619645921
"Urocitellus_parryii",63,1.06783841918554
"Urocitellus_richardsonii",64,0.754548546353449
"Urocitellus_townsendii",68,0.814898701950456
"Urocitellus_undulatus",62,0.517899797782034
"Urocitellus_washingtoni",67,0.657485371129271
"Vandeleuria_oleracea",431,1.01478491053613
"Wiedomys_pyrrhorhinos",379,0.84552606073339
"Xerospermophilus_mohavensis",80,0.856008768980707
"Xerospermophilus_perotensis",78,1.26366190392887
"Xerospermophilus_spilosoma",77,1.1174236791866
"Xerospermophilus_tereticaudus",79,0.789422292007728
"Xerus_erythropus",19,1.01854671726747
"Xerus_inauris",21,1.27697568032709
"Xerus_rutilus",20,1.17213541886667
"Zapus_hudsonius",283,0.927622967842855
"Zapus_princeps",282,0.870465367153724
"Zapus_trinotatus",281,0.828928278784216
"Zygogeomys_trichopus",529,0.62265906520004
"551",551,0.932912603557751
"552",552,0.968914909500038
"553",553,1.02686035911193
"554",554,1.02086163533859
"555",555,1.03351046369609
"556",556,1.10111828817031
"557",557,1.12025073989848
"558",558,1.16222421557039
"559",559,0.969651719673298
"560",560,0.979021545099451
"561",561,1.24981671290311
"562",562,1.27424072904424
"563",563,1.41780116580593
"564",564,1.49713560468586
"565",565,1.51268625330406
"566",566,1.51946891468424
"567",567,1.57720718580621
"568",568,1.54230827960013
"569",569,1.53834020258448
"570",570,1.41283129775146
"571",571,1.27342253429251
"572",572,1.19235978372685
"573",573,1.16382688237084
"574",574,1.16656497412035
"575",575,1.20177832956623
"576",576,1.30350345886635
"577",577,1.36896307369632
"578",578,1.39985888654716
"579",579,1.39585824322924
"580",580,1.38362769647465
"581",581,1.38478558172787
"582",582,1.33966831636613
"583",583,1.39824495790288
"584",584,1.37503434099214
"585",585,1.45279484693349
"586",586,1.47049762003984
"587",587,1.5404941736668
"588",588,1.4727284292993
"589",589,1.44466013177849
"590",590,1.4977853087087
"591",591,1.51801139495068
"592",592,1.53016971994886
"593",593,1.26904549613054
"594",594,1.42112438480966
"595",595,1.48296533682497
"596",596,1.53051331415062
"597",597,1.61541416346365
"598",598,1.52656870701113
"599",599,1.52706846605391
"600",600,1.51334021263911
"601",601,1.52472972243205
"602",602,1.58083522473709
"603",603,1.58090514229603
"604",604,1.48858553297643
"605",605,1.06052605242233
"606",606,0.882546868002061
"607",607,0.848571387919067
"608",608,0.832023600642835
"609",609,0.828276441062457
"610",610,0.832079476543888
"611",611,0.842574477546426
"612",612,0.840185433678255
"613",613,0.775474231173227
"614",614,0.714250642545915
"615",615,0.726950039675505
"616",616,0.816432680208224
"617",617,0.845600738772278
"618",618,0.772005390486084
"619",619,0.789665335799011
"620",620,0.805064130107534
"621",621,0.86032081024839
"622",622,0.735965939862808
"623",623,0.791941524414281
"624",624,0.8073275205426
"625",625,0.786559367776075
"626",626,0.875330990337769
"627",627,0.808394772368045
"628",628,0.784208012271756
"629",629,0.859746625410023
"630",630,0.947136944534178
"631",631,0.850341429579034
"632",632,0.855303613225723
"633",633,0.966471393185476
"634",634,1.08140598926099
"635",635,0.844436459931012
"636",636,0.732158574922296
"637",637,0.635288436500236
"638",638,0.746824501131135
"639",639,0.704199337005398
"640",640,0.816009919144515
"641",641,0.609503197837411
"642",642,0.588841250009285
"643",643,0.548292086390196
"644",644,0.571134871425264
"645",645,0.564871554302627
"646",646,0.55194879637233
"647",647,0.546436604518724
"648",648,0.48555936543015
"649",649,0.564151144701722
"650",650,0.547612500053377
"651",651,0.529054805984086
"652",652,0.522248874935066
"653",653,0.508214134181299
"654",654,0.897349205945878
"655",655,0.947796733383081
"656",656,0.910149057648883
"657",657,1.05729230923942
"658",658,1.0696794797723
"659",659,1.15605653641064
"660",660,1.19726291060766
"661",661,1.33602098011182
"662",662,1.34153259391823
"663",663,1.2186212369543
"664",664,1.25524952354775
"665",665,1.35142859130097
"666",666,1.36378707080999
"667",667,1.36082166567651
"668",668,1.31468277012145
"669",669,1.29119607056295
"670",670,1.28883688491741
"671",671,1.29804348716742
"672",672,1.42436107498012
"673",673,1.2151681439914
"674",674,1.2875389088029
"675",675,1.30453579157287
"676",676,1.34003311087084
"677",677,1.34085098203519
"678",678,1.49617027713403
"679",679,1.4831080029029
"680",680,1.17320441428163
"681",681,0.933302132672322
"682",682,1.18426834280813
"683",683,1.07566537172086
"684",684,0.94118400627994
"685",685,0.962602979309217
"686",686,1.04160785626036
"687",687,0.849047886487873
"688",688,0.794506286915777
"689",689,0.847545944802339
"690",690,0.853174079247933
"691",691,0.795773015049629
"692",692,0.798604630965127
"693",693,0.750495957555177
"694",694,0.714115971889059
"695",695,0.863967425047204
"696",696,0.687938784962606
"697",697,0.824986428246204
"698",698,0.763808505161675
"699",699,0.690515630084608
"700",700,0.66889871800103
"701",701,0.697102199632621
"702",702,0.652949284681314
"703",703,0.653060686254809
"704",704,0.671989452728604
"705",705,0.696916363010031
"706",706,0.735320759443406
"707",707,0.762543760967508
"708",708,0.642187032656265
"709",709,0.531543815087077
"710",710,0.864225670825939
"711",711,0.912493268327802
"712",712,0.912713902597262
"713",713,1.03842501611092
"714",714,1.1793165066286
"715",715,1.03181755265537
"716",716,1.01848149644565
"717",717,0.937628646031111
"718",718,0.936620654074213
"719",719,0.902066626821244
"720",720,0.859334542059864
"721",721,0.84020825784227
"722",722,0.745315404095457
"723",723,0.547816284188902
"724",724,0.889957932443854
"725",725,0.858591457564819
"726",726,0.76979748575709
"727",727,0.890996130534204
"728",728,0.936182577140744
"729",729,0.917773455473802
"730",730,0.91989643126573
"731",731,0.933058245901885
"732",732,0.868930828692172
"733",733,0.951300109684993
"734",734,1.1349007031186
"735",735,1.24082936536395
"736",736,1.2481636657139
"737",737,1.20083409551555
"738",738,0.86530913477549
"739",739,0.860858441890439
"740",740,0.868855636701222
"741",741,1.06258209126997
"742",742,0.928161230743887
"743",743,1.36186851224842
"744",744,0.831506863992596
"745",745,0.827801885792181
"746",746,0.788372026803346
"747",747,0.805503075312127
"748",748,0.8128638077708
"749",749,0.844092431234048
"750",750,0.860446062040256
"751",751,0.908975066999967
"752",752,0.872987100803393
"753",753,0.940230228367086
"754",754,0.860162167657311
"755",755,0.967223132945583
"756",756,0.78265761527547
"757",757,0.771244019568199
"758",758,0.779136204540387
"759",759,0.778798838854218
"760",760,0.782697047679035
"761",761,0.773862244813567
"762",762,0.784225594506971
"763",763,0.915148544502609
"764",764,0.743592379589956
"765",765,0.823908999030996
"766",766,0.719255209824299
"767",767,0.78581896087616
"768",768,0.76050452521813
"769",769,0.774424121406585
"770",770,0.760272148653933
"771",771,0.7521341604412
"772",772,0.745019096564666
"773",773,0.775336461704851
"774",774,0.763060980237012
"775",775,0.765868791491544
"776",776,0.570435160604504
"777",777,0.554469701524006
"778",778,0.528107844368589
"779",779,0.532038051710035
"780",780,0.568979236548472
"781",781,0.546598795685781
"782",782,0.496745467170287
"783",783,0.867158790029959
"784",784,0.719631398783702
"785",785,0.731821587242959
"786",786,0.743882421685789
"787",787,0.830256879219724
"788",788,0.753123806550772
"789",789,0.755446384181921
"790",790,0.750346663812024
"791",791,0.835435969226093
"792",792,0.870514063009745
"793",793,0.788451218317276
"794",794,0.786526739285673
"795",795,0.858731297557549
"796",796,0.758868362279913
"797",797,0.758819811243581
"798",798,0.752531193314335
"799",799,0.775055056112296
"800",800,0.721225262010228
"801",801,0.69332297136655
"802",802,0.69171994721186
"803",803,0.701109714287773
"804",804,0.695262043638025
"805",805,0.653409134156515
"806",806,0.661266665728772
"807",807,0.798418802424475
"808",808,0.79093227511926
"809",809,0.766264367822425
"810",810,0.82632384725149
"811",811,0.916136749100458
"812",812,1.11072016208576
"813",813,1.18516631889577
"814",814,1.08036731855142
"815",815,1.0490082020549
"816",816,1.01776241261564
"817",817,0.87791043451672
"818",818,0.861124878222039
"819",819,0.932475526090958
"820",820,0.948919465532663
"821",821,1.06856834786376
"822",822,0.899455270709663
"823",823,0.897550027241625
"824",824,1.36847420804904
"825",825,0.92660569186817
"826",826,0.92542943388271
"827",827,1.04218418422492
"828",828,1.13190715646663
"829",829,1.09386281077047
"830",830,1.18221376732797
"831",831,1.22021329336884
"832",832,0.895831814670304
"833",833,0.890456256266526
"834",834,0.859504036184473
"835",835,0.910778046118881
"836",836,0.732414739536962
"837",837,0.725813221136938
"838",838,0.695958813918676
"839",839,0.957002498681374
"840",840,0.944385072176477
"841",841,0.902086065539386
"842",842,0.882555964945752
"843",843,0.829367791927381
"844",844,0.829038080616144
"845",845,0.718710778628186
"846",846,0.766790213284942
"847",847,0.902001675990092
"848",848,1.0770391201207
"849",849,0.823625050986314
"850",850,0.704408809635886
"851",851,0.827703876003264
"852",852,0.830381990027683
"853",853,0.828055967928369
"854",854,0.816975213722886
"855",855,0.855954726190531
"856",856,0.839205474596108
"857",857,0.823773648923136
"858",858,0.811947829396911
"859",859,0.800859374483807
"860",860,0.799355548606293
"861",861,0.795600670808308
"862",862,0.813113050249488
"863",863,0.764622273660417
"864",864,0.79585338869724
"865",865,0.789173460038509
"866",866,0.788013036181835
"867",867,0.764873926098117
"868",868,0.817244222296475
"869",869,0.81761711021464
"870",870,0.826678090544842
"871",871,0.850403004188369
"872",872,0.81688081174698
"873",873,0.816461895022961
"874",874,1.00500687284988
"875",875,1.08398879024868
"876",876,1.09195761428032
"877",877,0.96648921120593
"878",878,0.752580522314582
"879",879,0.616950376868952
"880",880,0.738691094563672
"881",881,0.706925184514693
"882",882,0.906195916541263
"883",883,1.0224655299582
"884",884,0.88788931180102
"885",885,0.884807777156714
"886",886,0.882219146732308
"887",887,0.882469554686741
"888",888,0.883091475684578
"889",889,0.891293989034033
"890",890,0.918714075409008
"891",891,0.992518715191522
"892",892,0.865375946289929
"893",893,1.05316066527155
"894",894,1.07471518474147
"895",895,1.07468740674714
"896",896,1.05216270752518
"897",897,1.08843151935173
"898",898,1.1682339401683
"899",899,1.07891346661495
"900",900,1.07763597174886
"901",901,1.02387327028512
"902",902,1.06236424755435
"903",903,0.971313755709201
"904",904,1.04290700112878
"905",905,1.08801606122678
"906",906,1.06857969551973
"907",907,1.03249505683524
"908",908,1.0654127075532
"909",909,1.09888411605404
"910",910,1.13621631122609
"911",911,1.02467272849405
"912",912,1.00214523103893
"913",913,1.1040118795877
"914",914,1.12589047492092
"915",915,1.1516787676523
"916",916,1.15170922418671
"917",917,1.12498713535693
"918",918,1.0812518097441
"919",919,1.07676162483488
"920",920,1.24113468698162
"921",921,0.901819962610062
"922",922,0.927915221013458
"923",923,0.827336478640496
"924",924,0.85089804118317
"925",925,0.848732044470001
"926",926,0.846554657463194
"927",927,0.793580514438735
"928",928,0.611557631075464
"929",929,0.804791971491165
"930",930,0.96073839434704
"931",931,0.840904409217842
"932",932,0.802709733055185
"933",933,0.843384829746788
"934",934,0.944394763954011
"935",935,0.941136680313225
"936",936,0.963138807508505
"937",937,1.03094755938662
"938",938,1.05871869733367
"939",939,0.904772450879123
"940",940,0.896208179569651
"941",941,0.873500965671416
"942",942,0.848652607955542
"943",943,0.836056387195235
"944",944,1.260102374702
"945",945,1.25038995214466
"946",946,1.07204853700726
"947",947,1.34841706300955
"948",948,1.02736999127211
"949",949,1.04704445039684
"950",950,1.09622772922536
"951",951,0.997275988229432
"952",952,1.05480917796293
"953",953,1.01840245352543
"954",954,1.03550951966172
"955",955,1.03844539414118
"956",956,0.932991597863224
"957",957,1.07963733295534
"958",958,1.09275756590099
"959",959,1.00047375899937
"960",960,0.992754131589206
"961",961,0.989465456765285
"962",962,1.02287687718737
"963",963,1.06359091800414
"964",964,1.06178841154183
"965",965,1.05667202186888
"966",966,1.06753662207303
"967",967,1.10750766847962
"968",968,1.17872910949606
"969",969,1.24866052139901
"970",970,1.1417431274672
"971",971,1.13656422685957
"972",972,1.13238130164164
"973",973,1.05637456644158
"974",974,1.09396520303856
"975",975,1.09119717178614
"976",976,1.20979560567574
"977",977,0.820757880294762
"978",978,1.01341057611284
"979",979,1.06478242701341
"980",980,1.13504362628278
"981",981,0.975212241911258
"982",982,0.976524698048623
"983",983,0.976993210139029
"984",984,0.965540965902875
"985",985,0.949171564304198
"986",986,1.08580805532009
"987",987,1.03215873509381
"988",988,0.976316341528233
"989",989,0.981931044280989
"990",990,0.965885657817901
"991",991,0.8953730331276
"992",992,1.10298070166356
"993",993,1.19139538735283
"994",994,0.96729943766755
"995",995,0.943023848706515
"996",996,0.937399205097872
"997",997,0.955529441683456
"998",998,0.974402870552869
"999",999,0.900870765206737
"1000",1000,0.951064834317311
"1001",1001,0.859915755592004
"1002",1002,0.845732604244155
"1003",1003,0.847623817487415
"1004",1004,0.854500996075424
"1005",1005,0.853337876443908
"1006",1006,0.860293616651909
"1007",1007,0.909350537978942
"1008",1008,0.906917403824805
"1009",1009,0.843468282172452
"1010",1010,0.73449903903516
"1011",1011,0.834769074586583
"1012",1012,0.787693153963155
"1013",1013,0.783466491395808
"1014",1014,0.784444552098708
"1015",1015,0.758475921115668
"1016",1016,0.77032800487749
"1017",1017,0.965268430157419
"1018",1018,0.968307758450248
"1019",1019,0.697525453484426
"1020",1020,0.706347573556534
"1021",1021,0.720807272627479
"1022",1022,0.679369805715895
"1023",1023,0.689188810041443
"1024",1024,0.697125303153705
"1025",1025,0.980120971594293
"1026",1026,1.02371284513072
"1027",1027,0.993956263176431
"1028",1028,1.01732119436357
"1029",1029,1.02226689786953
"1030",1030,0.958622269786011
"1031",1031,0.948943388501682
"1032",1032,0.893443916735838
"1033",1033,0.896161847783088
"1034",1034,0.933801998753852
"1035",1035,0.930648041625789
"1036",1036,0.935737258415449
"1037",1037,0.939879530502377
"1038",1038,0.956738660473859
"1039",1039,0.89102060625787
"1040",1040,1.04864427363984
"1041",1041,1.0455437965286
"1042",1042,1.04953093283269
"1043",1043,1.04766490469904
"1044",1044,1.06524036902836
"1045",1045,1.0682119209752
"1046",1046,1.1140343665651
"1047",1047,0.926731381837319
"1048",1048,0.992530797623889
"1049",1049,0.900464880404364
"1050",1050,1.03776771365883
"1051",1051,1.02163695585246
"1052",1052,1.00507157778827
"1053",1053,0.724842322319923
"1054",1054,0.587303524907586
"1055",1055,1.01825811092141
"1056",1056,1.20164020521958
"1057",1057,1.35561063355246
"1058",1058,1.12847529790104
"1059",1059,1.12698581404572
"1060",1060,1.11341718440373
"1061",1061,1.00848090983191
"1062",1062,0.895688276884767
"1063",1063,1.53494870101487
"1064",1064,0.875083782625553
"1065",1065,0.9444629529528
"1066",1066,1.15301933220591
"1067",1067,1.36620073834268
"1068",1068,1.08066446772452
"1069",1069,1.15544541853746
"1070",1070,1.1564091981288
"1071",1071,1.13504224100725
"1072",1072,1.12569838013369
"1073",1073,1.15617748164486
"1074",1074,1.00023245877942
"1075",1075,0.910662692654668
"1076",1076,0.669535436105635
"1077",1077,0.646413540666342
"1078",1078,0.589695124599278
"1079",1079,0.638337457219233
"1080",1080,0.614310336578163
"1081",1081,0.638032835213079
"1082",1082,0.63832109195574
"1083",1083,0.655674644571189
"1084",1084,0.667552354855191
"1085",1085,0.934902025540862
"1086",1086,0.878041927880667
"1087",1087,0.863584318179631
"1088",1088,0.847284977819987
"1089",1089,0.82177176891505
"1090",1090,0.999703646978893
"1091",1091,1.09829869389237
"1092",1092,1.12705055942371
"1093",1093,0.992346169428782
"1094",1094,0.982779168061722
"1095",1095,0.996330682046202
"1096",1096,1.00233608645781
"1097",1097,1.00205916730679
"1098",1098,1.00002614914452
"1099",1099,0.57710098869337
